function,algo,run,error
F1,EOGWO,0,1.174952e+07
F1,EOGWO,1,4.462602e+07
F1,EOGWO,2,2.476729e+07
F1,EOGWO,3,4.016489e+07
F1,EOGWO,4,7.094766e+06
F1,EOGWO,5,2.364931e+07
F1,EOGWO,6,6.210493e+07
F1,EOGWO,7,2.368681e+07
F1,EOGWO,8,2.793541e+07
F1,EOGWO,9,1.678405e+07
F1,EOGWO,10,1.165637e+07
F1,EOGWO,11,2.019187e+07
F1,EOGWO,12,1.596913e+07
F1,EOGWO,13,1.610442e+07
F1,EOGWO,14,3.084044e+07
F1,EOGWO,15,2.736828e+07
F1,EOGWO,16,1.750505e+07
F1,EOGWO,17,2.875700e+07
F1,EOGWO,18,2.806271e+07
F1,EOGWO,19,1.265811e+07
F1,EOGWO,20,1.376484e+07
F1,EOGWO,21,1.244464e+07
F1,EOGWO,22,5.904771e+07
F1,EOGWO,23,7.074661e+07
F1,EOGWO,24,9.321798e+07
F1,EOGWO,25,5.448515e+06
F1,EOGWO,26,1.408761e+07
F1,EOGWO,27,2.195245e+07
F1,EOGWO,28,2.478763e+07
F1,EOGWO,29,1.207928e+07
F1,GWO,0,1.019624e+09
F1,GWO,1,5.577750e+08
F1,GWO,2,6.149251e+09
F1,GWO,3,7.763503e+08
F1,GWO,4,2.497220e+09
F1,GWO,5,8.236558e+08
F1,GWO,6,4.721869e+08
F1,GWO,7,1.346392e+09
F1,GWO,8,1.764239e+09
F1,GWO,9,1.536293e+09
F1,GWO,10,2.000619e+09
F1,GWO,11,7.584803e+08
F1,GWO,12,4.888128e+08
F1,GWO,13,9.180125e+08
F1,GWO,14,1.185359e+09
F1,GWO,15,4.186361e+09
F1,GWO,16,1.096062e+09
F1,GWO,17,2.281852e+09
F1,GWO,18,2.584484e+09
F1,GWO,19,1.177340e+09
F1,GWO,20,2.355629e+08
F1,GWO,21,1.377967e+08
F1,GWO,22,3.475759e+09
F1,GWO,23,1.466014e+09
F1,GWO,24,4.215938e+09
F1,GWO,25,1.194645e+09
F1,GWO,26,4.162867e+08
F1,GWO,27,1.993623e+09
F1,GWO,28,1.188146e+09
F1,GWO,29,1.451538e+09
F1,PSO,0,1.658705e+09
F1,PSO,1,1.946750e+08
F1,PSO,2,1.254838e+08
F1,PSO,3,2.994217e+08
F1,PSO,4,3.329045e+08
F1,PSO,5,9.348135e+08
F1,PSO,6,3.433355e+09
F1,PSO,7,8.868000e+09
F1,PSO,8,1.764529e+08
F1,PSO,9,4.369553e+09
F1,PSO,10,7.389095e+08
F1,PSO,11,7.507672e+08
F1,PSO,12,4.545258e+08
F1,PSO,13,2.785211e+09
F1,PSO,14,2.639435e+08
F1,PSO,15,7.097991e+08
F1,PSO,16,3.332095e+08
F1,PSO,17,2.867943e+09
F1,PSO,18,3.654409e+09
F1,PSO,19,2.283152e+09
F1,PSO,20,2.849582e+08
F1,PSO,21,7.752213e+05
F1,PSO,22,1.699318e+08
F1,PSO,23,3.280761e+08
F1,PSO,24,1.284693e+08
F1,PSO,25,3.716184e+09
F1,PSO,26,5.099300e+07
F1,PSO,27,6.999459e+08
F1,PSO,28,3.817863e+08
F1,PSO,29,3.426156e+09
F1,DE,0,1.600988e+04
F1,DE,1,9.494236e+06
F1,DE,2,1.613256e+06
F1,DE,3,2.780637e+03
F1,DE,4,1.203041e+04
F1,DE,5,5.805247e+06
F1,DE,6,3.422641e+04
F1,DE,7,3.009836e+02
F1,DE,8,3.707873e+06
F1,DE,9,1.596980e+05
F1,DE,10,1.303466e+04
F1,DE,11,4.644914e+04
F1,DE,12,1.350264e+04
F1,DE,13,8.419548e+04
F1,DE,14,1.108221e+08
F1,DE,15,2.159986e+06
F1,DE,16,7.344953e+07
F1,DE,17,2.527961e+04
F1,DE,18,5.409181e+06
F1,DE,19,6.683066e+06
F1,DE,20,1.354966e+05
F1,DE,21,3.356413e+04
F1,DE,22,1.349484e+06
F1,DE,23,3.969418e+05
F1,DE,24,2.803438e+04
F1,DE,25,2.043563e+04
F1,DE,26,8.568945e+03
F1,DE,27,8.961735e+03
F1,DE,28,1.942951e+04
F1,DE,29,1.495639e+05
F1,WOA,0,2.897981e+07
F1,WOA,1,4.206087e+08
F1,WOA,2,4.326798e+06
F1,WOA,3,2.366285e+08
F1,WOA,4,2.233655e+08
F1,WOA,5,1.472171e+07
F1,WOA,6,1.450866e+08
F1,WOA,7,3.948910e+07
F1,WOA,8,4.572650e+07
F1,WOA,9,2.764950e+08
F1,WOA,10,1.664851e+08
F1,WOA,11,4.261761e+08
F1,WOA,12,3.090249e+08
F1,WOA,13,5.242015e+07
F1,WOA,14,3.959799e+08
F1,WOA,15,8.704141e+07
F1,WOA,16,1.306109e+08
F1,WOA,17,1.040526e+08
F1,WOA,18,1.604574e+08
F1,WOA,19,6.060010e+08
F1,WOA,20,1.042811e+09
F1,WOA,21,5.476302e+07
F1,WOA,22,2.157728e+07
F1,WOA,23,5.177221e+08
F1,WOA,24,2.989805e+08
F1,WOA,25,5.398453e+07
F1,WOA,26,1.617660e+08
F1,WOA,27,7.163056e+07
F1,WOA,28,6.354234e+07
F1,WOA,29,5.162868e+07
F2,EOGWO,0,5.198355e+04
F2,EOGWO,1,4.253846e+04
F2,EOGWO,2,4.783274e+04
F2,EOGWO,3,4.261965e+04
F2,EOGWO,4,3.668444e+04
F2,EOGWO,5,3.689486e+04
F2,EOGWO,6,2.853104e+04
F2,EOGWO,7,4.174238e+04
F2,EOGWO,8,3.491481e+04
F2,EOGWO,9,3.958508e+04
F2,EOGWO,10,4.240699e+04
F2,EOGWO,11,4.447965e+04
F2,EOGWO,12,2.953900e+04
F2,EOGWO,13,2.576291e+04
F2,EOGWO,14,4.455395e+04
F2,EOGWO,15,3.924186e+04
F2,EOGWO,16,3.524131e+04
F2,EOGWO,17,4.695824e+04
F2,EOGWO,18,3.890220e+04
F2,EOGWO,19,3.921781e+04
F2,EOGWO,20,3.646861e+04
F2,EOGWO,21,2.884087e+04
F2,EOGWO,22,4.813057e+04
F2,EOGWO,23,5.068713e+04
F2,EOGWO,24,4.585190e+04
F2,EOGWO,25,2.645799e+04
F2,EOGWO,26,4.748512e+04
F2,EOGWO,27,3.101968e+04
F2,EOGWO,28,2.646189e+04
F2,EOGWO,29,4.150756e+04
F2,GWO,0,5.286426e+04
F2,GWO,1,4.691562e+04
F2,GWO,2,6.398076e+04
F2,GWO,3,4.719188e+04
F2,GWO,4,5.071500e+04
F2,GWO,5,4.704668e+04
F2,GWO,6,4.774209e+04
F2,GWO,7,5.115267e+04
F2,GWO,8,4.502069e+04
F2,GWO,9,4.909171e+04
F2,GWO,10,4.144115e+04
F2,GWO,11,5.799256e+04
F2,GWO,12,4.497699e+04
F2,GWO,13,4.120785e+04
F2,GWO,14,4.314435e+04
F2,GWO,15,3.770144e+04
F2,GWO,16,5.347553e+04
F2,GWO,17,5.760647e+04
F2,GWO,18,5.361836e+04
F2,GWO,19,5.160730e+04
F2,GWO,20,3.608685e+04
F2,GWO,21,4.222314e+04
F2,GWO,22,5.381571e+04
F2,GWO,23,3.831712e+04
F2,GWO,24,5.524619e+04
F2,GWO,25,4.141492e+04
F2,GWO,26,5.946530e+04
F2,GWO,27,4.595728e+04
F2,GWO,28,3.695023e+04
F2,GWO,29,4.559322e+04
F2,PSO,0,6.457480e+04
F2,PSO,1,2.763499e+04
F2,PSO,2,4.634160e+04
F2,PSO,3,2.966701e+04
F2,PSO,4,2.068977e+04
F2,PSO,5,2.727943e+04
F2,PSO,6,6.954256e+04
F2,PSO,7,3.461120e+04
F2,PSO,8,3.261775e+04
F2,PSO,9,6.525298e+04
F2,PSO,10,4.018618e+04
F2,PSO,11,5.723376e+04
F2,PSO,12,2.823917e+04
F2,PSO,13,2.397872e+04
F2,PSO,14,1.660957e+04
F2,PSO,15,3.912091e+04
F2,PSO,16,4.728489e+04
F2,PSO,17,2.349786e+04
F2,PSO,18,4.798639e+04
F2,PSO,19,3.818680e+04
F2,PSO,20,9.361838e+04
F2,PSO,21,3.826928e+04
F2,PSO,22,3.524715e+04
F2,PSO,23,4.381693e+04
F2,PSO,24,4.486692e+04
F2,PSO,25,3.034145e+04
F2,PSO,26,9.580553e+04
F2,PSO,27,3.110951e+04
F2,PSO,28,3.623238e+04
F2,PSO,29,7.610179e+04
F2,DE,0,5.851292e+04
F2,DE,1,5.062566e+04
F2,DE,2,5.955981e+04
F2,DE,3,5.438494e+04
F2,DE,4,6.038056e+04
F2,DE,5,4.962471e+04
F2,DE,6,4.969214e+04
F2,DE,7,4.727202e+04
F2,DE,8,5.093776e+04
F2,DE,9,5.552151e+04
F2,DE,10,4.926244e+04
F2,DE,11,7.518866e+04
F2,DE,12,5.437391e+04
F2,DE,13,3.374509e+04
F2,DE,14,4.916614e+04
F2,DE,15,4.027949e+04
F2,DE,16,7.329378e+04
F2,DE,17,4.790053e+04
F2,DE,18,7.295141e+04
F2,DE,19,4.304068e+04
F2,DE,20,4.649391e+04
F2,DE,21,2.567158e+04
F2,DE,22,7.953707e+04
F2,DE,23,5.255734e+04
F2,DE,24,4.565626e+04
F2,DE,25,4.319312e+04
F2,DE,26,8.503149e+04
F2,DE,27,3.562114e+04
F2,DE,28,4.201787e+04
F2,DE,29,2.942642e+04
F2,WOA,0,5.000514e+04
F2,WOA,1,5.393480e+04
F2,WOA,2,6.346982e+04
F2,WOA,3,4.231689e+04
F2,WOA,4,2.553926e+04
F2,WOA,5,3.599083e+04
F2,WOA,6,7.219212e+04
F2,WOA,7,6.275260e+04
F2,WOA,8,3.942899e+04
F2,WOA,9,5.065836e+04
F2,WOA,10,6.260040e+04
F2,WOA,11,3.126055e+04
F2,WOA,12,4.881765e+04
F2,WOA,13,3.468788e+04
F2,WOA,14,4.649267e+04
F2,WOA,15,4.948503e+04
F2,WOA,16,4.877600e+04
F2,WOA,17,5.305707e+04
F2,WOA,18,4.197160e+04
F2,WOA,19,3.078239e+04
F2,WOA,20,4.993079e+04
F2,WOA,21,3.673439e+04
F2,WOA,22,4.804569e+04
F2,WOA,23,3.689318e+04
F2,WOA,24,5.475833e+04
F2,WOA,25,3.113871e+04
F2,WOA,26,5.935958e+04
F2,WOA,27,3.426583e+04
F2,WOA,28,4.412268e+04
F2,WOA,29,4.737342e+04
F3,EOGWO,0,1.848333e+07
F3,EOGWO,1,1.814019e+07
F3,EOGWO,2,1.694043e+07
F3,EOGWO,3,9.013286e+06
F3,EOGWO,4,2.642455e+07
F3,EOGWO,5,1.860120e+07
F3,EOGWO,6,1.191615e+07
F3,EOGWO,7,1.889771e+07
F3,EOGWO,8,1.329881e+07
F3,EOGWO,9,1.380739e+07
F3,EOGWO,10,2.141277e+07
F3,EOGWO,11,2.787685e+07
F3,EOGWO,12,2.084768e+07
F3,EOGWO,13,1.025679e+07
F3,EOGWO,14,1.265301e+07
F3,EOGWO,15,1.616762e+07
F3,EOGWO,16,3.271286e+07
F3,EOGWO,17,9.561566e+06
F3,EOGWO,18,1.767830e+07
F3,EOGWO,19,2.122344e+07
F3,EOGWO,20,6.139639e+06
F3,EOGWO,21,6.665849e+06
F3,EOGWO,22,1.012907e+07
F3,EOGWO,23,4.584656e+07
F3,EOGWO,24,1.231408e+07
F3,EOGWO,25,1.737786e+07
F3,EOGWO,26,1.511125e+07
F3,EOGWO,27,1.927159e+07
F3,EOGWO,28,2.473688e+07
F3,EOGWO,29,1.769832e+07
F3,GWO,0,2.071665e+07
F3,GWO,1,1.275362e+07
F3,GWO,2,3.588206e+07
F3,GWO,3,4.423695e+07
F3,GWO,4,2.071139e+07
F3,GWO,5,3.486415e+07
F3,GWO,6,7.437234e+07
F3,GWO,7,2.296962e+07
F3,GWO,8,8.145741e+06
F3,GWO,9,2.464635e+07
F3,GWO,10,3.346224e+07
F3,GWO,11,1.309787e+07
F3,GWO,12,7.363577e+07
F3,GWO,13,1.759576e+07
F3,GWO,14,4.192231e+07
F3,GWO,15,1.854535e+07
F3,GWO,16,1.573875e+07
F3,GWO,17,4.606253e+07
F3,GWO,18,3.987481e+07
F3,GWO,19,9.899823e+06
F3,GWO,20,8.906886e+06
F3,GWO,21,7.543692e+06
F3,GWO,22,3.129049e+07
F3,GWO,23,1.896292e+07
F3,GWO,24,7.569583e+06
F3,GWO,25,1.452664e+07
F3,GWO,26,4.243192e+07
F3,GWO,27,8.681573e+06
F3,GWO,28,2.331351e+07
F3,GWO,29,1.295643e+07
F3,PSO,0,2.150930e+07
F3,PSO,1,2.341695e+07
F3,PSO,2,1.517669e+07
F3,PSO,3,2.944711e+07
F3,PSO,4,4.424413e+07
F3,PSO,5,2.104967e+07
F3,PSO,6,2.704585e+07
F3,PSO,7,5.979465e+07
F3,PSO,8,1.375153e+07
F3,PSO,9,3.306721e+07
F3,PSO,10,5.518067e+07
F3,PSO,11,1.575792e+07
F3,PSO,12,1.582360e+07
F3,PSO,13,2.300173e+07
F3,PSO,14,5.373346e+06
F3,PSO,15,2.933797e+07
F3,PSO,16,1.712216e+07
F3,PSO,17,1.990194e+07
F3,PSO,18,9.876741e+06
F3,PSO,19,1.399860e+07
F3,PSO,20,3.268666e+07
F3,PSO,21,2.606021e+07
F3,PSO,22,2.704937e+07
F3,PSO,23,7.837918e+06
F3,PSO,24,1.734603e+08
F3,PSO,25,1.349629e+07
F3,PSO,26,1.833306e+07
F3,PSO,27,1.531980e+07
F3,PSO,28,1.643906e+07
F3,PSO,29,1.869435e+07
F3,DE,0,5.535838e+06
F3,DE,1,2.288497e+06
F3,DE,2,1.005681e+07
F3,DE,3,4.995506e+06
F3,DE,4,7.785392e+06
F3,DE,5,5.664941e+06
F3,DE,6,7.203832e+06
F3,DE,7,9.999694e+06
F3,DE,8,5.310507e+06
F3,DE,9,4.376180e+06
F3,DE,10,8.643844e+06
F3,DE,11,7.808291e+06
F3,DE,12,6.533819e+06
F3,DE,13,4.609132e+06
F3,DE,14,6.659071e+06
F3,DE,15,5.209713e+06
F3,DE,16,5.180013e+06
F3,DE,17,1.907971e+06
F3,DE,18,6.036284e+06
F3,DE,19,1.274214e+07
F3,DE,20,2.745452e+06
F3,DE,21,6.050275e+06
F3,DE,22,6.336927e+06
F3,DE,23,7.792165e+06
F3,DE,24,6.364642e+06
F3,DE,25,9.762073e+06
F3,DE,26,1.087982e+07
F3,DE,27,8.820934e+06
F3,DE,28,1.250938e+07
F3,DE,29,6.080958e+06
F3,WOA,0,3.042407e+07
F3,WOA,1,2.002061e+07
F3,WOA,2,2.764904e+07
F3,WOA,3,4.328405e+07
F3,WOA,4,2.195988e+07
F3,WOA,5,1.928193e+07
F3,WOA,6,2.306985e+07
F3,WOA,7,3.279373e+07
F3,WOA,8,2.789800e+07
F3,WOA,9,1.467753e+07
F3,WOA,10,2.677130e+07
F3,WOA,11,3.273930e+07
F3,WOA,12,1.963608e+07
F3,WOA,13,1.784272e+07
F3,WOA,14,1.974667e+07
F3,WOA,15,2.919201e+07
F3,WOA,16,1.744166e+07
F3,WOA,17,2.194145e+07
F3,WOA,18,2.001364e+07
F3,WOA,19,2.215073e+07
F3,WOA,20,2.387600e+07
F3,WOA,21,2.052516e+07
F3,WOA,22,2.041808e+07
F3,WOA,23,3.296974e+07
F3,WOA,24,1.174168e+07
F3,WOA,25,2.551115e+07
F3,WOA,26,3.182219e+07
F3,WOA,27,2.101304e+07
F3,WOA,28,1.936603e+07
F3,WOA,29,2.121823e+07
F4,EOGWO,0,1.415133e+02
F4,EOGWO,1,1.277746e+02
F4,EOGWO,2,6.981588e+01
F4,EOGWO,3,9.861500e+01
F4,EOGWO,4,8.957634e+01
F4,EOGWO,5,1.186739e+02
F4,EOGWO,6,1.648925e+02
F4,EOGWO,7,8.727413e+01
F4,EOGWO,8,6.069135e+01
F4,EOGWO,9,1.486993e+02
F4,EOGWO,10,5.654324e+01
F4,EOGWO,11,6.355992e+01
F4,EOGWO,12,1.031453e+02
F4,EOGWO,13,7.167164e+01
F4,EOGWO,14,1.388747e+02
F4,EOGWO,15,1.675476e+02
F4,EOGWO,16,1.158274e+02
F4,EOGWO,17,7.467154e+01
F4,EOGWO,18,1.015221e+02
F4,EOGWO,19,1.149240e+02
F4,EOGWO,20,1.520527e+02
F4,EOGWO,21,1.416834e+02
F4,EOGWO,22,7.961155e+01
F4,EOGWO,23,1.329789e+02
F4,EOGWO,24,1.006705e+02
F4,EOGWO,25,6.400492e+01
F4,EOGWO,26,6.218445e+01
F4,EOGWO,27,1.152130e+02
F4,EOGWO,28,7.122153e+01
F4,EOGWO,29,7.736952e+01
F4,GWO,0,1.708261e+02
F4,GWO,1,1.740344e+02
F4,GWO,2,2.109264e+02
F4,GWO,3,1.860821e+02
F4,GWO,4,3.083383e+02
F4,GWO,5,1.039539e+02
F4,GWO,6,1.929978e+02
F4,GWO,7,4.207611e+02
F4,GWO,8,1.390361e+02
F4,GWO,9,1.927398e+02
F4,GWO,10,2.517098e+02
F4,GWO,11,1.525721e+02
F4,GWO,12,1.472925e+02
F4,GWO,13,1.741458e+02
F4,GWO,14,1.914713e+02
F4,GWO,15,1.459943e+02
F4,GWO,16,5.569222e+02
F4,GWO,17,1.658148e+02
F4,GWO,18,3.436646e+02
F4,GWO,19,2.048285e+02
F4,GWO,20,1.689762e+02
F4,GWO,21,1.523141e+02
F4,GWO,22,2.616347e+02
F4,GWO,23,1.772389e+02
F4,GWO,24,3.837065e+02
F4,GWO,25,1.766567e+02
F4,GWO,26,1.672953e+02
F4,GWO,27,4.008905e+02
F4,GWO,28,2.727966e+02
F4,GWO,29,1.276975e+02
F4,PSO,0,1.231449e+02
F4,PSO,1,4.276583e+02
F4,PSO,2,1.670812e+02
F4,PSO,3,1.219166e+02
F4,PSO,4,3.532508e+02
F4,PSO,5,1.674178e+02
F4,PSO,6,2.712672e+02
F4,PSO,7,2.684107e+02
F4,PSO,8,1.333506e+02
F4,PSO,9,3.987320e+02
F4,PSO,10,3.903215e+02
F4,PSO,11,1.744031e+02
F4,PSO,12,1.328937e+02
F4,PSO,13,4.289153e+02
F4,PSO,14,1.998031e+02
F4,PSO,15,1.229794e+02
F4,PSO,16,1.717203e+02
F4,PSO,17,2.391988e+02
F4,PSO,18,1.760945e+02
F4,PSO,19,1.681131e+02
F4,PSO,20,1.135491e+02
F4,PSO,21,1.984033e+02
F4,PSO,22,1.960578e+02
F4,PSO,23,1.135580e+02
F4,PSO,24,7.357089e+01
F4,PSO,25,5.755196e+01
F4,PSO,26,3.236637e+02
F4,PSO,27,2.300253e+02
F4,PSO,28,1.223585e+02
F4,PSO,29,8.688526e+01
F4,DE,0,5.592462e+01
F4,DE,1,3.766710e+01
F4,DE,2,6.553854e+01
F4,DE,3,4.868154e+01
F4,DE,4,7.145146e+01
F4,DE,5,5.544196e+01
F4,DE,6,5.692597e+01
F4,DE,7,8.367687e+01
F4,DE,8,6.337623e+01
F4,DE,9,3.006211e+01
F4,DE,10,5.959331e+01
F4,DE,11,7.549668e+01
F4,DE,12,5.862370e+01
F4,DE,13,6.028166e+01
F4,DE,14,1.144958e+02
F4,DE,15,1.015467e+02
F4,DE,16,8.411822e+01
F4,DE,17,5.666720e+01
F4,DE,18,8.437846e+01
F4,DE,19,1.090937e+02
F4,DE,20,6.711050e+01
F4,DE,21,8.251414e+01
F4,DE,22,1.503691e+02
F4,DE,23,9.680876e+01
F4,DE,24,1.005204e+02
F4,DE,25,7.202210e+01
F4,DE,26,5.912658e+01
F4,DE,27,5.474790e+01
F4,DE,28,1.011157e+02
F4,DE,29,1.438892e+02
F4,WOA,0,1.678575e+02
F4,WOA,1,1.975631e+02
F4,WOA,2,1.135801e+02
F4,WOA,3,2.059997e+02
F4,WOA,4,1.369312e+02
F4,WOA,5,1.702321e+02
F4,WOA,6,1.335179e+02
F4,WOA,7,2.239227e+02
F4,WOA,8,2.040426e+02
F4,WOA,9,1.522216e+02
F4,WOA,10,1.400322e+02
F4,WOA,11,2.177458e+02
F4,WOA,12,1.772422e+02
F4,WOA,13,1.315957e+02
F4,WOA,14,1.660075e+02
F4,WOA,15,1.463478e+02
F4,WOA,16,1.412355e+02
F4,WOA,17,1.317567e+02
F4,WOA,18,1.695998e+02
F4,WOA,19,1.291078e+02
F4,WOA,20,2.450077e+02
F4,WOA,21,1.051801e+02
F4,WOA,22,1.903542e+02
F4,WOA,23,2.066629e+02
F4,WOA,24,2.492540e+02
F4,WOA,25,1.601716e+02
F4,WOA,26,1.619010e+02
F4,WOA,27,2.117958e+02
F4,WOA,28,1.324905e+02
F4,WOA,29,1.447668e+02
F5,EOGWO,0,1.303435e+02
F5,EOGWO,1,1.675991e+02
F5,EOGWO,2,1.414705e+02
F5,EOGWO,3,8.100636e+01
F5,EOGWO,4,1.449318e+02
F5,EOGWO,5,1.497516e+02
F5,EOGWO,6,1.494744e+02
F5,EOGWO,7,1.586417e+02
F5,EOGWO,8,1.707666e+02
F5,EOGWO,9,9.454484e+01
F5,EOGWO,10,1.488819e+02
F5,EOGWO,11,1.162445e+02
F5,EOGWO,12,1.486509e+02
F5,EOGWO,13,1.880085e+02
F5,EOGWO,14,1.715242e+02
F5,EOGWO,15,1.707702e+02
F5,EOGWO,16,9.682607e+01
F5,EOGWO,17,1.492551e+02
F5,EOGWO,18,1.497400e+02
F5,EOGWO,19,1.633144e+02
F5,EOGWO,20,2.030985e+02
F5,EOGWO,21,1.797464e+02
F5,EOGWO,22,1.554197e+02
F5,EOGWO,23,1.137653e+02
F5,EOGWO,24,1.066001e+02
F5,EOGWO,25,1.314669e+02
F5,EOGWO,26,9.985201e+01
F5,EOGWO,27,1.381675e+02
F5,EOGWO,28,1.148924e+02
F5,EOGWO,29,1.747561e+02
F5,GWO,0,2.666333e+02
F5,GWO,1,1.363213e+02
F5,GWO,2,5.780596e+01
F5,GWO,3,2.383372e+02
F5,GWO,4,7.911826e+01
F5,GWO,5,9.394713e+01
F5,GWO,6,7.719597e+01
F5,GWO,7,1.334918e+02
F5,GWO,8,8.399039e+01
F5,GWO,9,1.489480e+02
F5,GWO,10,2.323359e+02
F5,GWO,11,2.631087e+02
F5,GWO,12,9.654860e+01
F5,GWO,13,1.102650e+02
F5,GWO,14,8.768313e+01
F5,GWO,15,1.603072e+02
F5,GWO,16,2.311481e+02
F5,GWO,17,8.573741e+01
F5,GWO,18,1.361006e+02
F5,GWO,19,2.222281e+02
F5,GWO,20,1.097117e+02
F5,GWO,21,2.350706e+02
F5,GWO,22,9.964702e+01
F5,GWO,23,2.215284e+02
F5,GWO,24,2.455313e+02
F5,GWO,25,3.796129e+01
F5,GWO,26,8.024245e+01
F5,GWO,27,1.194259e+02
F5,GWO,28,1.391652e+02
F5,GWO,29,2.367398e+02
F5,PSO,0,2.420568e+02
F5,PSO,1,1.365460e+02
F5,PSO,2,8.599718e+01
F5,PSO,3,8.105133e+01
F5,PSO,4,1.001567e+02
F5,PSO,5,8.120117e+01
F5,PSO,6,1.746656e+02
F5,PSO,7,1.287259e+02
F5,PSO,8,1.883178e+02
F5,PSO,9,2.296394e+02
F5,PSO,10,9.951247e+01
F5,PSO,11,1.301531e+02
F5,PSO,12,6.195937e+01
F5,PSO,13,6.846610e+01
F5,PSO,14,1.066073e+02
F5,PSO,15,5.887333e+01
F5,PSO,16,4.839392e+01
F5,PSO,17,1.660040e+02
F5,PSO,18,9.205565e+01
F5,PSO,19,1.897001e+02
F5,PSO,20,2.220363e+02
F5,PSO,21,1.195675e+02
F5,PSO,22,1.541985e+02
F5,PSO,23,1.583795e+02
F5,PSO,24,9.024332e+01
F5,PSO,25,1.071458e+02
F5,PSO,26,1.960053e+02
F5,PSO,27,9.986138e+01
F5,PSO,28,2.010543e+02
F5,PSO,29,1.299385e+02
F5,DE,0,2.093621e+02
F5,DE,1,2.436008e+02
F5,DE,2,1.790458e+02
F5,DE,3,1.851171e+02
F5,DE,4,2.178837e+02
F5,DE,5,1.930264e+02
F5,DE,6,1.845772e+02
F5,DE,7,2.074292e+02
F5,DE,8,2.151302e+02
F5,DE,9,2.275291e+02
F5,DE,10,2.214931e+02
F5,DE,11,2.073972e+02
F5,DE,12,1.902114e+02
F5,DE,13,2.182836e+02
F5,DE,14,2.096855e+02
F5,DE,15,2.092776e+02
F5,DE,16,1.930728e+02
F5,DE,17,1.924678e+02
F5,DE,18,2.207758e+02
F5,DE,19,2.013003e+02
F5,DE,20,1.883620e+02
F5,DE,21,2.125432e+02
F5,DE,22,2.161319e+02
F5,DE,23,2.162637e+02
F5,DE,24,2.265860e+02
F5,DE,25,1.876420e+02
F5,DE,26,1.895070e+02
F5,DE,27,2.125515e+02
F5,DE,28,1.992539e+02
F5,DE,29,2.018047e+02
F5,WOA,0,2.090262e+02
F5,WOA,1,1.202573e+02
F5,WOA,2,2.145877e+02
F5,WOA,3,2.691670e+02
F5,WOA,4,1.700325e+02
F5,WOA,5,2.235028e+02
F5,WOA,6,1.773203e+02
F5,WOA,7,1.974103e+02
F5,WOA,8,2.754062e+02
F5,WOA,9,3.436789e+02
F5,WOA,10,1.954214e+02
F5,WOA,11,2.092702e+02
F5,WOA,12,1.603203e+02
F5,WOA,13,3.169213e+02
F5,WOA,14,2.143307e+02
F5,WOA,15,2.329410e+02
F5,WOA,16,1.516245e+02
F5,WOA,17,1.737930e+02
F5,WOA,18,1.770723e+02
F5,WOA,19,1.748206e+02
F5,WOA,20,1.979720e+02
F5,WOA,21,1.736823e+02
F5,WOA,22,2.076261e+02
F5,WOA,23,1.631945e+02
F5,WOA,24,2.656384e+02
F5,WOA,25,2.014060e+02
F5,WOA,26,2.102057e+02
F5,WOA,27,1.931675e+02
F5,WOA,28,1.863803e+02
F5,WOA,29,2.462655e+02
F6,EOGWO,0,3.781586e-01
F6,EOGWO,1,8.499845e-01
F6,EOGWO,2,4.235937e-01
F6,EOGWO,3,2.474951e-02
F6,EOGWO,4,3.224687e-01
F6,EOGWO,5,7.189438e-01
F6,EOGWO,6,2.679380e-01
F6,EOGWO,7,1.457671e+00
F6,EOGWO,8,8.928073e-02
F6,EOGWO,9,2.331930e-01
F6,EOGWO,10,1.501554e-01
F6,EOGWO,11,8.880317e-01
F6,EOGWO,12,3.029252e-01
F6,EOGWO,13,5.271883e-01
F6,EOGWO,14,5.781754e-01
F6,EOGWO,15,9.906194e-01
F6,EOGWO,16,6.211304e-01
F6,EOGWO,17,1.964006e-01
F6,EOGWO,18,9.107927e-01
F6,EOGWO,19,1.284588e-01
F6,EOGWO,20,8.713293e-01
F6,EOGWO,21,6.927627e-01
F6,EOGWO,22,6.244570e-01
F6,EOGWO,23,1.245770e+00
F6,EOGWO,24,1.069805e+00
F6,EOGWO,25,6.630479e-01
F6,EOGWO,26,6.303275e-01
F6,EOGWO,27,5.847072e-01
F6,EOGWO,28,5.252482e-02
F6,EOGWO,29,4.288058e-01
F6,GWO,0,1.272398e+00
F6,GWO,1,3.278564e-02
F6,GWO,2,6.378360e-02
F6,GWO,3,7.679220e-02
F6,GWO,4,1.925990e-01
F6,GWO,5,3.376024e-02
F6,GWO,6,3.695482e-02
F6,GWO,7,1.559396e-01
F6,GWO,8,4.452481e-02
F6,GWO,9,5.854606e-02
F6,GWO,10,3.435084e-02
F6,GWO,11,1.283319e-02
F6,GWO,12,2.266825e-02
F6,GWO,13,4.177395e-03
F6,GWO,14,3.009902e-02
F6,GWO,15,2.177102e+00
F6,GWO,16,4.073181e-02
F6,GWO,17,1.768120e+00
F6,GWO,18,9.459071e-03
F6,GWO,19,3.649092e-02
F6,GWO,20,4.797846e-01
F6,GWO,21,3.574412e+00
F6,GWO,22,3.608315e-02
F6,GWO,23,1.757716e+00
F6,GWO,24,6.344681e-02
F6,GWO,25,2.173545e-01
F6,GWO,26,3.618220e-02
F6,GWO,27,1.409738e-01
F6,GWO,28,9.407125e-02
F6,GWO,29,1.757639e-01
F6,PSO,0,1.295351e-01
F6,PSO,1,1.486290e-01
F6,PSO,2,4.650400e-02
F6,PSO,3,4.388160e-02
F6,PSO,4,2.108391e-03
F6,PSO,5,5.968604e-02
F6,PSO,6,2.022159e-01
F6,PSO,7,7.677584e-02
F6,PSO,8,2.681868e-01
F6,PSO,9,1.412278e-01
F6,PSO,10,7.419712e-01
F6,PSO,11,3.739238e-01
F6,PSO,12,1.025114e-01
F6,PSO,13,4.197388e-01
F6,PSO,14,2.718359e-02
F6,PSO,15,3.093933e-01
F6,PSO,16,4.782189e-01
F6,PSO,17,3.508562e-01
F6,PSO,18,2.323564e-01
F6,PSO,19,2.327101e-01
F6,PSO,20,1.309879e-01
F6,PSO,21,7.385331e-02
F6,PSO,22,3.233008e-01
F6,PSO,23,3.557936e-01
F6,PSO,24,4.116997e-02
F6,PSO,25,2.523469e-01
F6,PSO,26,3.203860e-01
F6,PSO,27,7.135303e-02
F6,PSO,28,4.662671e-02
F6,PSO,29,5.900188e-01
F6,DE,0,2.076283e+00
F6,DE,1,1.624905e+00
F6,DE,2,2.309477e+00
F6,DE,3,2.494860e+00
F6,DE,4,2.638694e+00
F6,DE,5,2.921239e+00
F6,DE,6,2.426676e+00
F6,DE,7,2.564603e+00
F6,DE,8,2.195040e+00
F6,DE,9,3.280969e+00
F6,DE,10,1.784521e+00
F6,DE,11,2.975154e+00
F6,DE,12,1.819695e+00
F6,DE,13,2.964566e+00
F6,DE,14,2.374429e+00
F6,DE,15,2.353466e+00
F6,DE,16,3.442361e+00
F6,DE,17,2.742052e+00
F6,DE,18,2.049476e+00
F6,DE,19,2.260769e+00
F6,DE,20,2.654297e+00
F6,DE,21,2.532510e+00
F6,DE,22,3.282361e+00
F6,DE,23,2.576375e+00
F6,DE,24,1.727795e+00
F6,DE,25,3.104639e+00
F6,DE,26,2.156361e+00
F6,DE,27,2.305732e+00
F6,DE,28,1.883001e+00
F6,DE,29,3.132855e+00
F6,WOA,0,2.584213e-01
F6,WOA,1,5.806751e-02
F6,WOA,2,5.380886e-02
F6,WOA,3,2.164101e-01
F6,WOA,4,1.927449e-01
F6,WOA,5,4.255128e-01
F6,WOA,6,1.139075e-01
F6,WOA,7,1.346526e-01
F6,WOA,8,8.764062e-01
F6,WOA,9,2.196836e-01
F6,WOA,10,1.757602e-02
F6,WOA,11,3.866044e-01
F6,WOA,12,4.363461e-01
F6,WOA,13,2.768733e-02
F6,WOA,14,2.033030e-01
F6,WOA,15,4.465160e-01
F6,WOA,16,4.440627e-02
F6,WOA,17,1.780347e-01
F6,WOA,18,2.569853e-01
F6,WOA,19,1.997614e-01
F6,WOA,20,2.207696e-01
F6,WOA,21,1.751944e-01
F6,WOA,22,2.785119e-01
F6,WOA,23,1.240604e-01
F6,WOA,24,2.225795e-01
F6,WOA,25,7.307210e-01
F6,WOA,26,8.259488e-01
F6,WOA,27,1.798870e-01
F6,WOA,28,1.182991e-01
F6,WOA,29,4.367586e-01
F7,EOGWO,0,8.591656e+00
F7,EOGWO,1,2.207595e+01
F7,EOGWO,2,1.138303e+01
F7,EOGWO,3,7.919218e+00
F7,EOGWO,4,2.570429e+01
F7,EOGWO,5,2.568375e+01
F7,EOGWO,6,1.225350e+01
F7,EOGWO,7,2.301562e+01
F7,EOGWO,8,1.694997e+01
F7,EOGWO,9,2.791969e+01
F7,EOGWO,10,1.186960e+01
F7,EOGWO,11,1.872974e+01
F7,EOGWO,12,3.146508e+01
F7,EOGWO,13,1.038344e+01
F7,EOGWO,14,3.588587e+01
F7,EOGWO,15,1.016104e+01
F7,EOGWO,16,2.897707e+01
F7,EOGWO,17,1.605097e+01
F7,EOGWO,18,2.285660e+01
F7,EOGWO,19,1.209660e+00
F7,EOGWO,20,3.017625e+01
F7,EOGWO,21,4.104646e+01
F7,EOGWO,22,2.238427e+01
F7,EOGWO,23,1.284583e+01
F7,EOGWO,24,3.468618e+01
F7,EOGWO,25,1.387082e+01
F7,EOGWO,26,1.082206e+01
F7,EOGWO,27,4.395525e+00
F7,EOGWO,28,1.386280e+01
F7,EOGWO,29,7.456810e+00
F7,GWO,0,2.441262e+01
F7,GWO,1,9.906001e+00
F7,GWO,2,9.812550e+00
F7,GWO,3,3.108587e+00
F7,GWO,4,1.021920e+01
F7,GWO,5,1.033377e+01
F7,GWO,6,1.597878e+01
F7,GWO,7,1.697675e+01
F7,GWO,8,1.919649e+01
F7,GWO,9,1.912851e+01
F7,GWO,10,9.721560e+00
F7,GWO,11,2.099158e+01
F7,GWO,12,1.215906e+01
F7,GWO,13,9.450994e+00
F7,GWO,14,2.258572e+01
F7,GWO,15,1.103704e+01
F7,GWO,16,7.872115e+00
F7,GWO,17,7.259734e+00
F7,GWO,18,1.578795e+01
F7,GWO,19,9.768483e+00
F7,GWO,20,2.302454e+01
F7,GWO,21,2.024568e+01
F7,GWO,22,2.694086e+01
F7,GWO,23,1.678897e+01
F7,GWO,24,6.549278e+00
F7,GWO,25,1.027535e+01
F7,GWO,26,1.037622e+01
F7,GWO,27,8.019634e+00
F7,GWO,28,8.339049e+00
F7,GWO,29,1.718141e+01
F7,PSO,0,5.118941e+00
F7,PSO,1,1.783428e+00
F7,PSO,2,1.144537e+01
F7,PSO,3,5.464946e+00
F7,PSO,4,1.185309e+01
F7,PSO,5,4.821122e+00
F7,PSO,6,1.009793e+01
F7,PSO,7,1.501253e+01
F7,PSO,8,2.153369e+01
F7,PSO,9,8.476128e+00
F7,PSO,10,1.199392e+01
F7,PSO,11,3.905097e+00
F7,PSO,12,1.218353e+00
F7,PSO,13,1.524492e+01
F7,PSO,14,1.820961e+00
F7,PSO,15,4.021573e+00
F7,PSO,16,2.127694e+01
F7,PSO,17,1.273530e+01
F7,PSO,18,1.630200e+01
F7,PSO,19,4.019235e+00
F7,PSO,20,1.374717e+01
F7,PSO,21,1.871463e+00
F7,PSO,22,8.019178e+00
F7,PSO,23,4.478666e+00
F7,PSO,24,1.255886e+01
F7,PSO,25,1.161601e+01
F7,PSO,26,1.758285e+01
F7,PSO,27,1.704082e+01
F7,PSO,28,6.984783e+00
F7,PSO,29,3.191685e+00
F7,DE,0,5.270152e+00
F7,DE,1,2.363998e+00
F7,DE,2,7.251197e-01
F7,DE,3,5.466712e-01
F7,DE,4,5.099460e+00
F7,DE,5,5.458455e-01
F7,DE,6,3.705021e+00
F7,DE,7,4.059651e+00
F7,DE,8,1.525249e+00
F7,DE,9,5.065267e+00
F7,DE,10,3.570756e+00
F7,DE,11,1.906861e+00
F7,DE,12,4.479550e-01
F7,DE,13,2.915546e+00
F7,DE,14,1.322797e+00
F7,DE,15,3.032832e+00
F7,DE,16,7.588642e-01
F7,DE,17,4.547268e-01
F7,DE,18,9.029144e-01
F7,DE,19,1.087865e+00
F7,DE,20,2.190114e+00
F7,DE,21,4.342246e+00
F7,DE,22,1.377271e+00
F7,DE,23,9.020546e-01
F7,DE,24,6.369722e-01
F7,DE,25,3.686333e+00
F7,DE,26,2.358811e+00
F7,DE,27,1.362466e+00
F7,DE,28,1.722106e+00
F7,DE,29,3.027177e+00
F7,WOA,0,8.953148e+01
F7,WOA,1,5.555874e+01
F7,WOA,2,6.193863e+01
F7,WOA,3,2.681607e+01
F7,WOA,4,3.975498e+01
F7,WOA,5,1.102885e+02
F7,WOA,6,8.437920e+01
F7,WOA,7,6.710573e+01
F7,WOA,8,5.135752e+01
F7,WOA,9,4.067874e+01
F7,WOA,10,3.473337e+01
F7,WOA,11,4.339126e+01
F7,WOA,12,5.733032e+01
F7,WOA,13,6.600732e+01
F7,WOA,14,5.620069e+01
F7,WOA,15,4.296938e+01
F7,WOA,16,5.934504e+01
F7,WOA,17,8.431962e+01
F7,WOA,18,1.000069e+02
F7,WOA,19,5.943210e+01
F7,WOA,20,3.182163e+01
F7,WOA,21,3.363085e+01
F7,WOA,22,5.526252e+01
F7,WOA,23,7.003952e+01
F7,WOA,24,5.322341e+01
F7,WOA,25,5.266167e+01
F7,WOA,26,4.849057e+01
F7,WOA,27,8.093172e+01
F7,WOA,28,6.740383e+01
F7,WOA,29,5.084768e+01
F8,EOGWO,0,2.106236e+01
F8,EOGWO,1,2.113863e+01
F8,EOGWO,2,2.107540e+01
F8,EOGWO,3,2.103088e+01
F8,EOGWO,4,2.102610e+01
F8,EOGWO,5,2.111837e+01
F8,EOGWO,6,2.111277e+01
F8,EOGWO,7,2.109771e+01
F8,EOGWO,8,2.112866e+01
F8,EOGWO,9,2.108081e+01
F8,EOGWO,10,2.107044e+01
F8,EOGWO,11,2.111035e+01
F8,EOGWO,12,2.107885e+01
F8,EOGWO,13,2.108854e+01
F8,EOGWO,14,2.105554e+01
F8,EOGWO,15,2.111560e+01
F8,EOGWO,16,2.114207e+01
F8,EOGWO,17,2.105883e+01
F8,EOGWO,18,2.105467e+01
F8,EOGWO,19,2.113981e+01
F8,EOGWO,20,2.103843e+01
F8,EOGWO,21,2.115033e+01
F8,EOGWO,22,2.105420e+01
F8,EOGWO,23,2.099763e+01
F8,EOGWO,24,2.109555e+01
F8,EOGWO,25,2.103957e+01
F8,EOGWO,26,2.113539e+01
F8,EOGWO,27,2.099735e+01
F8,EOGWO,28,2.108771e+01
F8,EOGWO,29,2.111526e+01
F8,GWO,0,2.107887e+01
F8,GWO,1,2.112661e+01
F8,GWO,2,2.105615e+01
F8,GWO,3,2.100400e+01
F8,GWO,4,2.108087e+01
F8,GWO,5,2.109220e+01
F8,GWO,6,2.105686e+01
F8,GWO,7,2.107454e+01
F8,GWO,8,2.104964e+01
F8,GWO,9,2.111684e+01
F8,GWO,10,2.109005e+01
F8,GWO,11,2.111850e+01
F8,GWO,12,2.112263e+01
F8,GWO,13,2.111569e+01
F8,GWO,14,2.111905e+01
F8,GWO,15,2.114016e+01
F8,GWO,16,2.108874e+01
F8,GWO,17,2.108904e+01
F8,GWO,18,2.096833e+01
F8,GWO,19,2.100517e+01
F8,GWO,20,2.115309e+01
F8,GWO,21,2.116503e+01
F8,GWO,22,2.104299e+01
F8,GWO,23,2.111169e+01
F8,GWO,24,2.106791e+01
F8,GWO,25,2.113711e+01
F8,GWO,26,2.103760e+01
F8,GWO,27,2.110409e+01
F8,GWO,28,2.115564e+01
F8,GWO,29,2.113852e+01
F8,PSO,0,2.090148e+01
F8,PSO,1,2.100683e+01
F8,PSO,2,2.104002e+01
F8,PSO,3,2.109058e+01
F8,PSO,4,2.098534e+01
F8,PSO,5,2.104245e+01
F8,PSO,6,2.105460e+01
F8,PSO,7,2.102042e+01
F8,PSO,8,2.104409e+01
F8,PSO,9,2.102625e+01
F8,PSO,10,2.106850e+01
F8,PSO,11,2.100514e+01
F8,PSO,12,2.114962e+01
F8,PSO,13,2.095274e+01
F8,PSO,14,2.099143e+01
F8,PSO,15,2.097180e+01
F8,PSO,16,2.079263e+01
F8,PSO,17,2.105411e+01
F8,PSO,18,2.097889e+01
F8,PSO,19,2.099477e+01
F8,PSO,20,2.105297e+01
F8,PSO,21,2.094655e+01
F8,PSO,22,2.106722e+01
F8,PSO,23,2.107363e+01
F8,PSO,24,2.099969e+01
F8,PSO,25,2.115599e+01
F8,PSO,26,2.110848e+01
F8,PSO,27,2.103503e+01
F8,PSO,28,2.104372e+01
F8,PSO,29,2.103571e+01
F8,DE,0,2.098428e+01
F8,DE,1,2.114464e+01
F8,DE,2,2.105807e+01
F8,DE,3,2.106155e+01
F8,DE,4,2.108905e+01
F8,DE,5,2.110877e+01
F8,DE,6,2.111930e+01
F8,DE,7,2.108572e+01
F8,DE,8,2.111434e+01
F8,DE,9,2.114715e+01
F8,DE,10,2.113553e+01
F8,DE,11,2.108792e+01
F8,DE,12,2.104887e+01
F8,DE,13,2.099939e+01
F8,DE,14,2.109927e+01
F8,DE,15,2.110026e+01
F8,DE,16,2.106316e+01
F8,DE,17,2.113008e+01
F8,DE,18,2.104788e+01
F8,DE,19,2.111159e+01
F8,DE,20,2.107168e+01
F8,DE,21,2.109697e+01
F8,DE,22,2.106315e+01
F8,DE,23,2.108325e+01
F8,DE,24,2.111506e+01
F8,DE,25,2.108411e+01
F8,DE,26,2.109829e+01
F8,DE,27,2.113697e+01
F8,DE,28,2.110768e+01
F8,DE,29,2.104674e+01
F8,WOA,0,2.029333e+01
F8,WOA,1,2.018419e+01
F8,WOA,2,2.075763e+01
F8,WOA,3,2.088520e+01
F8,WOA,4,2.050896e+01
F8,WOA,5,2.033321e+01
F8,WOA,6,2.037317e+01
F8,WOA,7,2.043499e+01
F8,WOA,8,2.055277e+01
F8,WOA,9,2.062241e+01
F8,WOA,10,2.049058e+01
F8,WOA,11,2.057801e+01
F8,WOA,12,2.065231e+01
F8,WOA,13,2.069402e+01
F8,WOA,14,2.045574e+01
F8,WOA,15,2.053226e+01
F8,WOA,16,2.044052e+01
F8,WOA,17,2.049185e+01
F8,WOA,18,2.070753e+01
F8,WOA,19,2.047012e+01
F8,WOA,20,2.042997e+01
F8,WOA,21,2.068010e+01
F8,WOA,22,2.071713e+01
F8,WOA,23,2.050232e+01
F8,WOA,24,2.051283e+01
F8,WOA,25,2.027578e+01
F8,WOA,26,2.024936e+01
F8,WOA,27,2.059617e+01
F8,WOA,28,2.053291e+01
F8,WOA,29,2.039377e+01
F9,EOGWO,0,1.081607e+00
F9,EOGWO,1,1.200524e+00
F9,EOGWO,2,1.148723e+00
F9,EOGWO,3,1.231743e+00
F9,EOGWO,4,1.052854e+00
F9,EOGWO,5,1.319443e+00
F9,EOGWO,6,1.071657e+00
F9,EOGWO,7,1.265970e+00
F9,EOGWO,8,1.122562e+00
F9,EOGWO,9,1.690714e+00
F9,EOGWO,10,1.525963e+00
F9,EOGWO,11,1.134786e+00
F9,EOGWO,12,1.196464e+00
F9,EOGWO,13,1.296572e+00
F9,EOGWO,14,1.225266e+00
F9,EOGWO,15,1.195943e+00
F9,EOGWO,16,1.196288e+00
F9,EOGWO,17,1.144701e+00
F9,EOGWO,18,1.126429e+00
F9,EOGWO,19,1.220418e+00
F9,EOGWO,20,1.227959e+00
F9,EOGWO,21,1.161101e+00
F9,EOGWO,22,1.101476e+00
F9,EOGWO,23,1.162382e+00
F9,EOGWO,24,1.046007e+00
F9,EOGWO,25,1.237485e+00
F9,EOGWO,26,1.488925e+00
F9,EOGWO,27,1.326982e+00
F9,EOGWO,28,1.313133e+00
F9,EOGWO,29,1.197851e+00
F9,GWO,0,1.909265e+01
F9,GWO,1,1.750725e+01
F9,GWO,2,1.866044e+01
F9,GWO,3,2.497970e+01
F9,GWO,4,1.262094e+01
F9,GWO,5,6.205744e+00
F9,GWO,6,1.367751e+01
F9,GWO,7,9.178264e+00
F9,GWO,8,7.430499e+00
F9,GWO,9,1.795591e+01
F9,GWO,10,1.281334e+01
F9,GWO,11,1.388367e+01
F9,GWO,12,1.275808e+01
F9,GWO,13,9.799422e+00
F9,GWO,14,3.750658e+01
F9,GWO,15,8.367691e+00
F9,GWO,16,5.655962e+00
F9,GWO,17,2.739969e+00
F9,GWO,18,6.000982e+00
F9,GWO,19,3.118042e+00
F9,GWO,20,6.922708e+00
F9,GWO,21,8.081900e+00
F9,GWO,22,1.045826e+01
F9,GWO,23,6.014214e+01
F9,GWO,24,1.576843e+01
F9,GWO,25,6.255545e+00
F9,GWO,26,3.123020e+01
F9,GWO,27,2.703124e+01
F9,GWO,28,1.065313e+01
F9,GWO,29,1.318042e+01
F9,PSO,0,5.942775e+01
F9,PSO,1,2.910440e+01
F9,PSO,2,5.747502e+01
F9,PSO,3,6.173221e+00
F9,PSO,4,4.881931e-01
F9,PSO,5,6.168742e+00
F9,PSO,6,5.404566e-01
F9,PSO,7,3.599628e-01
F9,PSO,8,6.589222e+01
F9,PSO,9,6.594775e-01
F9,PSO,10,1.773060e+01
F9,PSO,11,8.923688e+00
F9,PSO,12,7.469753e-01
F9,PSO,13,7.355232e+01
F9,PSO,14,3.009904e+01
F9,PSO,15,2.712555e+01
F9,PSO,16,2.225846e+01
F9,PSO,17,2.108773e+01
F9,PSO,18,4.291957e+01
F9,PSO,19,6.176996e+00
F9,PSO,20,1.012702e+00
F9,PSO,21,4.444490e-01
F9,PSO,22,2.438743e+01
F9,PSO,23,3.057962e-01
F9,PSO,24,6.169000e+00
F9,PSO,25,1.256505e+01
F9,PSO,26,5.157031e+01
F9,PSO,27,8.923680e+00
F9,PSO,28,2.742892e+01
F9,PSO,29,4.738056e-01
F9,DE,0,1.059304e+00
F9,DE,1,2.570224e-01
F9,DE,2,1.699134e+00
F9,DE,3,6.333891e-01
F9,DE,4,1.555589e+00
F9,DE,5,5.111069e+00
F9,DE,6,1.167349e-01
F9,DE,7,2.750370e-01
F9,DE,8,1.191532e-01
F9,DE,9,5.614283e-01
F9,DE,10,1.773206e-01
F9,DE,11,8.214653e-01
F9,DE,12,2.474256e-01
F9,DE,13,7.063570e-02
F9,DE,14,1.863831e+00
F9,DE,15,4.170680e-01
F9,DE,16,6.674924e-01
F9,DE,17,1.087257e+00
F9,DE,18,4.518708e-01
F9,DE,19,4.487974e-02
F9,DE,20,5.305895e-01
F9,DE,21,1.050399e+00
F9,DE,22,5.289066e-01
F9,DE,23,2.439630e+00
F9,DE,24,2.462911e-01
F9,DE,25,3.504413e-01
F9,DE,26,1.030021e+00
F9,DE,27,3.965178e-02
F9,DE,28,6.706279e-01
F9,DE,29,2.342120e-02
F9,WOA,0,3.295571e+00
F9,WOA,1,1.832304e+00
F9,WOA,2,4.441812e+00
F9,WOA,3,1.914224e+00
F9,WOA,4,2.866034e+00
F9,WOA,5,1.268652e+00
F9,WOA,6,4.026033e+00
F9,WOA,7,2.932390e+00
F9,WOA,8,1.873541e+00
F9,WOA,9,3.269939e+00
F9,WOA,10,1.175100e+00
F9,WOA,11,5.421793e+00
F9,WOA,12,1.089872e+01
F9,WOA,13,1.246964e+00
F9,WOA,14,3.367423e+00
F9,WOA,15,4.680048e+00
F9,WOA,16,1.327895e+01
F9,WOA,17,1.166668e+00
F9,WOA,18,6.625202e+00
F9,WOA,19,9.007658e+00
F9,WOA,20,4.656999e+00
F9,WOA,21,1.507974e+00
F9,WOA,22,1.057060e+01
F9,WOA,23,3.701785e+00
F9,WOA,24,1.772325e+00
F9,WOA,25,3.543910e+00
F9,WOA,26,2.441458e+00
F9,WOA,27,1.866370e+00
F9,WOA,28,1.212494e+00
F9,WOA,29,2.216846e+00
F10,EOGWO,0,3.787707e+04
F10,EOGWO,1,3.478831e+04
F10,EOGWO,2,3.935607e+04
F10,EOGWO,3,3.214658e+04
F10,EOGWO,4,4.296513e+04
F10,EOGWO,5,4.279183e+04
F10,EOGWO,6,6.003068e+04
F10,EOGWO,7,2.681602e+04
F10,EOGWO,8,4.366276e+04
F10,EOGWO,9,3.113107e+04
F10,EOGWO,10,4.335570e+04
F10,EOGWO,11,2.199090e+04
F10,EOGWO,12,2.758672e+04
F10,EOGWO,13,3.639612e+04
F10,EOGWO,14,4.226232e+04
F10,EOGWO,15,5.827579e+04
F10,EOGWO,16,3.946605e+04
F10,EOGWO,17,3.658049e+04
F10,EOGWO,18,3.616186e+04
F10,EOGWO,19,3.706913e+04
F10,EOGWO,20,4.250404e+04
F10,EOGWO,21,4.877623e+04
F10,EOGWO,22,3.290250e+04
F10,EOGWO,23,4.383175e+04
F10,EOGWO,24,4.661241e+04
F10,EOGWO,25,3.522293e+04
F10,EOGWO,26,3.101519e+04
F10,EOGWO,27,4.355909e+04
F10,EOGWO,28,4.008559e+04
F10,EOGWO,29,3.845794e+04
F10,GWO,0,4.080819e+04
F10,GWO,1,3.766386e+04
F10,GWO,2,4.808521e+04
F10,GWO,3,3.922577e+04
F10,GWO,4,4.253123e+04
F10,GWO,5,3.904481e+04
F10,GWO,6,5.751410e+04
F10,GWO,7,2.736810e+04
F10,GWO,8,5.387361e+04
F10,GWO,9,5.011462e+04
F10,GWO,10,5.344575e+04
F10,GWO,11,4.903699e+04
F10,GWO,12,4.485861e+04
F10,GWO,13,6.030717e+04
F10,GWO,14,4.876628e+04
F10,GWO,15,4.400229e+04
F10,GWO,16,5.024599e+04
F10,GWO,17,3.319890e+04
F10,GWO,18,3.167164e+04
F10,GWO,19,3.535718e+04
F10,GWO,20,5.059818e+04
F10,GWO,21,5.060906e+04
F10,GWO,22,3.086263e+04
F10,GWO,23,4.909303e+04
F10,GWO,24,3.978215e+04
F10,GWO,25,3.444103e+04
F10,GWO,26,3.678679e+04
F10,GWO,27,4.131564e+04
F10,GWO,28,5.273882e+04
F10,GWO,29,2.283511e+04
F10,PSO,0,5.999341e+04
F10,PSO,1,3.423021e+04
F10,PSO,2,9.533393e+04
F10,PSO,3,8.048256e+04
F10,PSO,4,8.060371e+04
F10,PSO,5,9.892655e+04
F10,PSO,6,5.418594e+04
F10,PSO,7,4.400325e+04
F10,PSO,8,7.073310e+04
F10,PSO,9,4.370476e+04
F10,PSO,10,4.391588e+04
F10,PSO,11,4.076822e+04
F10,PSO,12,3.437732e+04
F10,PSO,13,9.278376e+04
F10,PSO,14,1.183948e+05
F10,PSO,15,4.974174e+04
F10,PSO,16,4.890483e+04
F10,PSO,17,5.850010e+04
F10,PSO,18,3.477083e+04
F10,PSO,19,4.320892e+04
F10,PSO,20,5.429793e+04
F10,PSO,21,8.171903e+04
F10,PSO,22,1.920262e+04
F10,PSO,23,5.365486e+04
F10,PSO,24,5.455229e+04
F10,PSO,25,6.441672e+04
F10,PSO,26,5.282646e+04
F10,PSO,27,5.614831e+04
F10,PSO,28,7.357396e+04
F10,PSO,29,7.122538e+04
F10,DE,0,5.078763e+04
F10,DE,1,4.022930e+04
F10,DE,2,4.499148e+04
F10,DE,3,4.881525e+04
F10,DE,4,7.436436e+04
F10,DE,5,6.371660e+04
F10,DE,6,5.474369e+04
F10,DE,7,3.869027e+04
F10,DE,8,3.049026e+04
F10,DE,9,2.725864e+04
F10,DE,10,4.605929e+04
F10,DE,11,4.445948e+04
F10,DE,12,5.093976e+04
F10,DE,13,3.976004e+04
F10,DE,14,2.851862e+04
F10,DE,15,3.928445e+04
F10,DE,16,3.921058e+04
F10,DE,17,5.256750e+04
F10,DE,18,3.934746e+04
F10,DE,19,5.004521e+04
F10,DE,20,4.631548e+04
F10,DE,21,4.305258e+04
F10,DE,22,3.823226e+04
F10,DE,23,5.062654e+04
F10,DE,24,4.437630e+04
F10,DE,25,2.948972e+04
F10,DE,26,4.159105e+04
F10,DE,27,4.937659e+04
F10,DE,28,5.591938e+04
F10,DE,29,3.655126e+04
F10,WOA,0,5.254177e+04
F10,WOA,1,4.458176e+04
F10,WOA,2,4.763904e+04
F10,WOA,3,6.967554e+04
F10,WOA,4,6.002654e+04
F10,WOA,5,6.736703e+04
F10,WOA,6,6.747518e+04
F10,WOA,7,4.377865e+04
F10,WOA,8,5.388490e+04
F10,WOA,9,4.143257e+04
F10,WOA,10,5.717860e+04
F10,WOA,11,7.071615e+04
F10,WOA,12,4.035902e+04
F10,WOA,13,5.060531e+04
F10,WOA,14,4.683002e+04
F10,WOA,15,2.886812e+04
F10,WOA,16,4.930573e+04
F10,WOA,17,3.916246e+04
F10,WOA,18,5.757564e+04
F10,WOA,19,5.748032e+04
F10,WOA,20,6.063475e+04
F10,WOA,21,9.476013e+04
F10,WOA,22,6.753204e+04
F10,WOA,23,4.299904e+04
F10,WOA,24,3.916939e+04
F10,WOA,25,3.697438e+04
F10,WOA,26,4.297984e+04
F10,WOA,27,6.295425e+04
F10,WOA,28,4.362421e+04
F10,WOA,29,3.408204e+04
